,subject,session,scan,bias_max,bias_med,bias_min,cnr,efc,fber,fwhm,fwhm_x,fwhm_y,fwhm_z,icvs_csf,icvs_gm,icvs_wm,qi1,rpve_csf,rpve_gm,rpve_wm,size_x,size_y,size_z,snr,snr_csf,snr_gm,snr_wm,spacing_x,spacing_y,spacing_z,summary_mean_bg,summary_mean_csf,summary_mean_gm,summary_mean_wm,summary_p05_bg,summary_p05_csf,summary_p05_gm,summary_p05_wm,summary_p95_bg,summary_p95_csf,summary_p95_gm,summary_p95_wm,summary_stdv_bg,summary_stdv_csf,summary_stdv_gm,summary_stdv_wm
0,sub-209,ses-BL,T1w,0.984497666359,0.381730914116,0.203633949161,1.30757761002,0.434347057615,24.5597572327,3.11407,3.02907,3.5431,2.8138,0.205287245356,0.359884658544,0.4348280961,0.553309061775,105784.203125,171214.328125,68978.8046875,256,182,256,2.12769818306,1.15251910686,1.96149873734,3.26907634735,0.879999995232,1.19999992847,0.880000054836,512.680175781,171.749984741,276.511505127,610.41986084,196.200408936,78.4801635742,39.8110237122,164.986831665,852.579956055,285.382415771,520.822875977,891.820007324,212.845230103,83.1524276733,148.456268311,225.464370728
1,sub-125,ses-FU,T1w,2.03990316391,0.49465161562,0.222401574254,1.26485192776,0.40462075735,247.602035522,2.18378,2.10136,2.34381,2.11448,0.152841305999,0.420886907373,0.426271786628,0.419012593336,71840.3203125,104552.4375,82744.46875,170,256,256,2.8745405674,1.74596691132,2.80640149117,4.07125329971,1.0,1.0,1.0,811.079223633,315.735870361,488.323028564,820.463867188,304.082550049,71.168258667,55.2524490356,146.736312866,1319.84765625,912.247619629,899.307983398,1358.66674805,314.348693848,304.295074463,254.671936035,383.129821777
2,sub-130,ses-BL,T1w,1.24117517471,0.433293551207,0.253034979105,1.74789834023,0.420844647742,25.4998435974,3.10552,2.98976,3.5875,2.79238,0.186220898198,0.403737267265,0.410041834537,0.775786363711,103431.601562,182673.03125,77761.7734375,256,182,256,2.62473845482,1.34952914715,2.38839387894,4.13629245758,0.879999995232,1.20000016689,0.880000054836,458.767791748,145.393951416,256.07723999,551.670715332,168.190368652,58.9960098267,41.3361282349,142.832580566,792.43536377,239.347824097,472.226776123,831.248535156,202.402206421,99.1534805298,132.751754761,217.542495728
3,sub-123,ses-BL,T1w,0.984255611897,0.389345407486,0.217115432024,1.70415735245,0.419349157975,18.4394283295,2.95709,2.88183,3.41177,2.62994,0.194613740504,0.368688884766,0.436697374729,0.837917769689,95793.0703125,153060.3125,73133.59375,256,182,256,2.74584746361,1.44954752922,2.54191851616,4.24607563019,0.879999995232,1.19999992847,0.879999995232,742.274230957,241.029251099,403.644714355,876.698242188,256.296813965,94.9914016724,62.0126914978,232.895996094,1264.76904297,406.731903076,763.318786621,1320.48583984,323.13949585,165.544326782,216.000213623,340.854309082
4,sub-222,ses-FU,T1w,1.17017769814,0.375847578049,0.192349031568,1.04383301735,0.458851867286,404.835601807,2.10498,2.03923,2.24984,2.03296,0.155489944092,0.374597362335,0.469912693573,0.347992891196,88205.4765625,148438.15625,154092.890625,170,256,256,3.08111071587,2.19798088074,3.00075864792,4.04459190369,1.0,1.0,1.0,772.354614258,375.38684082,439.29296875,704.350463867,331.584381104,72.0338516235,67.9176177979,96.845993042,1229.14892578,1069.07299805,823.24395752,1223.43200684,278.247253418,329.528503418,231.686721802,342.588195801
5,sub-302,ses-BL,T1w,1.06543684006,0.41112524271,0.225631475449,1.76754236221,0.418036990563,35.4303131104,3.13587,2.99652,3.56366,2.88776,0.16914887361,0.404989798988,0.425861327402,0.530042944414,98799.1484375,168860.21875,73990.96875,256,182,256,2.59077548981,1.34836435318,2.32820987701,4.09575223923,0.879999935627,1.19999992847,0.879999995232,500.641265869,154.772155762,274.825866699,597.810791016,187.263427734,62.2650985718,43.0706710815,148.154342651,846.286682129,259.287841797,500.569580078,889.501342773,217.745620728,106.138893127,140.201385498,234.071014404
6,sub-308,ses-FU,T1w,1.48208999634,0.522910714149,0.239863932133,0.696329295635,0.517868659573,259.190765381,2.09319,2.02385,2.17456,2.08389,0.179532122004,0.39768406653,0.422783811466,0.404909959574,88397.109375,179164.546875,224232.453125,170,256,256,2.5879752636,1.75681066513,2.65539264679,3.35172200203,1.0,1.0,1.0,638.134338379,309.177947998,383.186065674,526.261474609,242.168487549,57.9186286926,69.9263076782,53.1259307861,1039.30651855,862.724731445,731.55065918,988.854675293,245.284805298,272.031829834,201.774475098,278.472503662
7,sub-207,ses-BL,T1w,1.55916178226,0.499759376049,0.280503481627,2.15628361702,0.381896664643,54.6210289001,3.08144,2.95234,3.56116,2.78295,0.192037746838,0.40677379071,0.401188462452,0.81223760037,85312.7578125,148899.921875,63439.0976562,256,182,256,2.93940162659,1.38384401798,2.63903880119,4.79532241821,0.879999995232,1.19999992847,0.879999995232,480.625732422,140.832626343,264.044586182,592.507202148,154.133209229,54.3999252319,37.4756164551,141.4400177,921.777038574,241.777587891,504.710723877,997.332580566,239.670562744,94.1444244385,144.615188599,261.647857666
8,sub-112,ses-FU,T1w,1.55674409866,0.545591831207,0.276821136475,1.0318608284,0.461430157394,190.115432739,1.96367,1.90965,2.04204,1.94173,0.155518671781,0.405248504927,0.439232823292,0.47179086268,84361.4453125,147013.890625,153970.671875,170,256,256,2.76387190819,1.88924968243,2.68525242805,3.71711325645,1.0,1.0,1.0,734.407775879,349.206054688,427.668670654,664.515258789,295.127471924,58.851890564,58.3311805725,77.0808410645,1197.87036133,1030.05273438,792.793395996,1186.29675293,283.591766357,338.799987793,223.001373291,342.992431641
9,sub-116,ses-FU,T1w,1.49665534496,0.42957252264,0.20912759006,1.13482153416,0.436974518915,217.543579102,2.11271,2.09749,2.19803,2.04545,0.153443459637,0.378097956102,0.468458584261,0.466061035079,80629.9453125,138073.9375,131023.195312,170,256,256,3.01219773293,2.03383588791,2.93396782875,4.06878948212,1.0,1.0,1.0,794.636413574,359.38293457,454.109405518,749.489746094,323.802185059,74.0547714233,65.9597015381,115.849487305,1271.22338867,1073.34362793,844.283813477,1283.21606445,294.777648926,331.42590332,238.537780762,359.809936523
10,sub-206,ses-FU,T1w,1.21581721306,0.365170359612,0.177963748574,1.25531363487,0.453390346636,243.469207764,2.1207,2.09672,2.22764,2.04198,0.144298041049,0.391115781688,0.464586177263,0.356806467164,86152.4296875,146517.4375,139919.328125,170,256,256,3.24632239342,2.29622745514,3.09371304512,4.34902667999,1.0,1.0,1.0,768.63873291,376.417724609,441.181335449,721.046569824,330.549468994,67.8728256226,66.4957275391,104.12335968,1239.5604248,1090.81323242,809.846191406,1245.06958008,288.96987915,362.700683594,228.050048828,353.104614258
11,sub-133,ses-BL,T1w,0.987150609493,0.415419876575,0.252335608006,1.59930300713,0.3827278625,25.1475830078,2.97895,2.87222,3.473,2.65012,0.195152829458,0.399036984322,0.40581018622,0.835352419655,73557.078125,143563.90625,65242.7226562,256,182,256,2.64770150185,1.38010621071,2.48184776306,4.08115100861,0.879999995232,1.20000016689,0.879999995232,495.544189453,165.06388855,289.567230225,579.306335449,187.848922729,64.9511642456,53.4892892838,146.203964233,834.176574707,273.813690186,528.524108887,872.383117676,207.345718384,90.5806350708,145.561462402,232.459869385
12,sub-127,ses-BL,T1w,1.22924005985,0.45949947834,0.224489748478,1.63028430939,0.453091889878,22.0334358215,3.22087,3.06897,3.75605,2.89865,0.205314705923,0.386201468241,0.408483825836,0.854709096753,107090.742188,199506.421875,84870.234375,256,182,256,2.35640358925,1.17190372944,2.13351130486,3.76379585266,0.879999995232,1.20000004768,0.879999935627,399.54196167,125.005867004,221.013717651,486.771606445,139.478240967,54.7769203186,36.7716217041,117.669044495,713.241027832,206.047393799,421.604675293,754.450500488,186.36277771,71.0263137817,117.808380127,200.117660522
13,sub-109,ses-BL,T1w,1.08532226086,0.471718639135,0.252969026566,1.94278907776,0.397854039198,30.2181625366,3.1349,3.02442,3.63137,2.80516,0.190634160797,0.424564559106,0.384801280097,0.765334147086,95810.5,166171.4375,65588.625,256,182,256,2.79244065285,1.37102997303,2.53175163269,4.47454071045,0.879999935627,1.20000004768,0.880000054836,775.198852539,235.365692139,438.803649902,947.66192627,278.493591309,98.6331481934,56.2210578918,229.757461548,1363.45825195,400.334259033,829.678833008,1438.88354492,348.989929199,119.692245483,234.112792969,385.35534668
14,sub-108,ses-FU,T1w,2.32012844086,0.673297405243,0.325997442007,0.963103413582,0.464537260949,214.380767822,2.05561,2.03849,2.09976,2.02929,0.174133219677,0.40519202922,0.420674751103,0.51448528694,92881.828125,165290.8125,175321.0,170,256,256,2.81117725372,1.87866377831,2.79588198662,3.75898551941,1.0,1.0,1.0,693.695007324,320.68447876,412.863891602,620.273986816,267.22857666,65.4994354248,61.5764427185,82.7843399048,1154.19995117,909.714294434,784.628540039,1142.82861328,276.612213135,303.318634033,220.608642578,325.582366943
15,sub-112,ses-BL,T1w,1.41408205032,0.568853676319,0.346056610346,1.46065306664,0.414634455466,108.527763367,2.9379,2.87702,3.33938,2.63939,0.207333340425,0.383612875196,0.409053784378,0.659763149816,96302.6640625,154512.8125,78614.453125,256,182,256,2.36777043343,1.28036117554,2.18114876747,3.64180183411,0.879999995232,1.20000004768,0.879999995232,604.251464844,206.694473267,337.437103271,707.822570801,227.213851929,81.1478042603,56.2355422974,175.117248535,1030.57714844,340.820770264,612.665893555,1083.32324219,262.278869629,137.771560669,174.06451416,292.830383301
16,sub-132,ses-FU,T1w,1.35862708092,0.41809424758,0.207154467702,1.17836177349,0.467057923952,277.81652832,2.19398,2.16869,2.32352,2.0958,0.164669004985,0.367719483564,0.467611511451,0.702168082253,92706.4375,155643.140625,142392.265625,170,256,256,3.03715801239,2.03547382355,2.94881916046,4.12718105316,1.0,0.999999940395,1.0,831.165649414,373.328674316,473.066070557,794.617553711,330.045410156,89.3872375488,67.8621646881,122.804702759,1361.43725586,1072.64758301,888.371704102,1375.18920898,314.094543457,311.141601562,250.438186646,382.571563721
17,sub-320,ses-BL,T1w,1.0936974287,0.419159531593,0.218968510628,2.27023005486,0.403604710843,29.5379161835,3.21424,3.17371,3.61654,2.89317,0.174658694806,0.396654876257,0.428686428937,0.802655265527,99817.453125,173759.546875,71720.734375,256,182,256,3.2746925354,1.6069675684,2.97343969345,5.24366998672,0.879999995232,1.20000016689,0.880000054836,550.26751709,160.987701416,296.094665527,663.921508789,187.632919312,66.9490203857,38.6844177246,172.462860107,954.133361816,267.476715088,566.890991211,1002.03967285,247.619125366,100.097312927,160.927261353,259.246459961
18,sub-126,ses-BL,T1w,1.48399877548,0.409204542637,0.227320596576,1.74767434597,0.390633803913,20.3475284576,2.99782,2.85386,3.44743,2.73835,0.156251485918,0.432598060633,0.411150453449,0.831889606544,79628.0078125,137573.109375,65218.5898438,256,182,256,2.69917368889,1.36874294281,2.49055147171,4.23822593689,0.879999935627,1.20000004768,0.879999995232,648.868164062,195.809127808,374.285522461,760.206359863,238.907562256,67.0744171143,56.5265731812,185.626922607,1099.87634277,338.076751709,694.184265137,1153.96862793,278.983795166,142.065872192,192.978591919,308.12902832
19,sub-133,ses-FU,T1w,1.92678403854,0.504883944988,0.266735821962,1.14479887486,0.424345455622,286.304382324,2.08966,2.0563,2.23758,1.98319,0.147631215934,0.400427517323,0.451941266742,0.377763624784,75546.2734375,135982.703125,132096.5625,170,256,256,2.87638473511,1.92505955696,2.77964806557,3.92444705963,1.0,1.0,1.0,719.217468262,324.534301758,414.862121582,666.601074219,290.561645508,66.480506897,62.255865097,88.3310165405,1179.68029785,976.28717041,772.893981934,1179.68029785,276.140869141,305.133422852,215.916946411,339.245635986
20,sub-316,ses-FU,T1w,3.3898627758,0.830534994602,0.386702388525,0.843574523926,0.502218969446,185.887893677,2.09009,2.03133,2.17726,2.06444,0.199520219994,0.419424051761,0.381055728245,0.661482502658,107353.507812,214050.0,217896.375,170,256,256,2.76689600945,1.73766362667,2.85972499847,3.7032995224,0.999999940395,1.0,1.0,780.049804688,348.379943848,485.802734375,675.464477539,275.360198975,62.9886512756,70.0103302002,89.7680740356,1328.61303711,998.180725098,949.992675781,1301.0769043,326.653839111,319.101226807,267.480010986,370.192321777
21,sub-318,ses-BL,T1w,1.25267696381,0.41758865118,0.217970654368,1.80712664127,0.408954481973,21.2890148163,3.13513,2.99171,3.58042,2.87683,0.171067807871,0.41760795895,0.411324233179,0.816083463481,87571.109375,158287.203125,69452.5703125,256,182,256,2.7236032486,1.40604794025,2.47881770134,4.28594446182,0.879999995232,1.20000004768,0.879999995232,465.120574951,146.835342407,265.410552979,554.397216797,170.856918335,56.4156494141,42.5828674316,137.11277771,798.42755127,243.142547607,492.856506348,837.856079102,205.103134155,110.833381653,136.49899292,221.991821289
22,sub-207,ses-FU,T1w,2.64015340805,0.602922677994,0.296196192503,1.21457386017,0.421475531966,230.327087402,2.14738,2.09303,2.26195,2.09156,0.176203504467,0.379786387031,0.444010108502,0.524270917856,80908.7109375,137274.9375,132280.59375,170,256,256,3.00802826881,1.88627421856,2.96161842346,4.17619228363,1.0,1.0,1.0,688.100524902,294.159088135,396.868103027,660.334960938,238.123077393,72.3440551758,53.5211639404,105.454864502,1133.91943359,884.45715332,731.378051758,1139.58898926,277.735626221,291.898071289,209.030090332,324.390075684
23,sub-302,ses-FU,T1w,1.36781299114,0.404079675674,0.193346276879,1.0760525465,0.466124711025,276.603759766,2.12242,2.08622,2.22282,2.06172,0.165513177365,0.371970708298,0.462516114337,0.356291857596,98532.640625,163441.125,154263.921875,170,256,256,2.84074497223,1.94589984417,2.75014138222,3.82619404793,1.0,1.0,1.0,814.023254395,377.568115234,458.319366455,770.293395996,319.462738037,76.6710586548,65.4259719849,119.479415894,1328.96508789,1105.34106445,862.549438477,1328.96508789,317.5703125,378.195892334,244.426849365,370.077575684
24,sub-103,ses-BL,T1w,1.2672175169,0.504004836082,0.272126972675,1.73367631435,0.408094720258,98.5554122925,2.96182,2.83501,3.36941,2.71999,0.184419416383,0.396427223172,0.419153360445,0.593954334808,100089.59375,169863.609375,81021.7578125,256,182,256,2.7342607975,1.45942008495,2.5048429966,4.23851919174,0.879999935627,1.20000004768,0.880000054836,489.95980835,158.126480103,270.059814453,573.043457031,187.834762573,63.7364845276,42.4060821533,146.12928772,824.562744141,264.242126465,490.280548096,865.950073242,204.937637329,82.9404220581,138.785552979,230.054321289
25,sub-305,ses-BL,T1w,1.2032674551,0.429906874895,0.2156996876,2.09140372276,0.414998323616,158.364181519,3.19359,3.06155,3.66793,2.90051,0.183916276088,0.398855772979,0.417227950933,0.708354689903,105656.914062,164426.546875,73859.171875,256,182,256,3.06306052208,1.60278618336,2.74749588966,4.83889961243,0.879999935627,1.20000016689,0.879999935627,492.48651123,154.995681763,268.214111328,594.328796387,174.406082153,64.8572616577,39.532169342,149.807723999,850.229675293,257.97567749,502.610839844,886.56427002,222.333236694,121.652229309,141.716842651,235.20866394
26,sub-320,ses-FU,T1w,1.57987761497,0.507524907589,0.233288943768,1.56889951229,0.420908961585,250.801971436,2.11676,2.11469,2.21046,2.02902,0.161275985902,0.374162142429,0.46456187167,0.530957167254,100809.007812,153468.859375,150546.1875,256,256,170,3.62036299706,2.41788172722,3.43715381622,5.00605344772,1.0,1.0,1.0,930.420166016,420.74508667,511.16015625,902.372741699,347.780212402,92.741394043,66.0784683228,135.171237183,1530.23291016,1290.65100098,958.327697754,1545.68981934,371.65814209,418.33807373,273.168395996,435.661132812
27,sub-313,ses-FU,T1w,2.2473692894,0.609134435654,0.30772086978,1.13602149487,0.412893348441,205.963317871,2.27338,2.2379,2.35277,2.2315,0.157299620222,0.385095527959,0.45760485182,0.620185236071,78432.2265625,125398.765625,123982.742188,170,256,256,2.96473622322,2.04735445976,2.85541653633,3.99143791199,1.0,0.999999940395,1.0,810.979064941,382.794494629,457.549499512,762.01776123,331.035919189,87.606300354,68.8200042725,119.882476807,1330.05493164,1152.71435547,857.14654541,1335.96630859,315.590393066,372.696929932,244.72076416,375.410797119
28,sub-126,ses-FU,T1w,1.74548435211,0.461560606956,0.238106861711,0.99760723114,0.444487535701,213.909164429,2.23625,2.18904,2.37477,2.15121,0.144335100674,0.394689640089,0.460975259237,0.744713497962,75749.2265625,129428.359375,137969.078125,170,256,256,2.7811858654,1.8973171711,2.72431635857,3.72192358971,1.0,1.0,1.0,799.965515137,367.378143311,462.26083374,732.073730469,326.107940674,82.78125,73.7505645752,101.595443726,1273.07519531,1110.02050781,847.190307617,1266.80395508,294.931518555,356.293334961,238.535003662,360.640930176
29,sub-104,ses-BL,T1w,1.78659546375,0.532094419003,0.292720168829,2.07400035858,0.364866219174,109.566825867,2.82868,2.69012,2.78842,3.01731,0.18332026334,0.409232904078,0.407446832582,0.708075565016,90663.65625,138071.515625,68757.0625,256,256,182,3.0741853714,1.58560478687,2.78147554398,4.85547590256,0.879999995232,0.880000054836,1.20000016689,984.893676758,308.860870361,534.377258301,1163.2545166,354.390838623,118.302124023,70.3628387451,278.358215332,1707.51953125,515.477600098,979.407470703,1784.84118652,442.44619751,244.775024414,280.271026611,490.300201416
30,sub-313,ses-BL,T1w,1.56705951691,0.447032749653,0.28083139658,1.72527956963,0.383984672253,22.3623466492,3.06442,2.94279,3.46778,2.81991,0.18506393339,0.419554878992,0.395381187618,0.673794272796,79082.7890625,146533.625,60505.53125,256,182,256,2.56774163246,1.30086946487,2.33853816986,4.06381750107,0.879999995232,1.19999992847,0.879999995232,619.47833252,195.001495361,348.913848877,745.554931641,234.645050049,80.7794418335,55.3917713165,190.716567993,1053.97937012,326.964416504,634.695617676,1103.98571777,266.470794678,112.937820435,179.760467529,292.968170166
31,sub-130,ses-FU,T1w,1.82260155678,0.478414952755,0.224034816027,1.12256813049,0.478705018469,138.203842163,2.14508,2.14827,2.24605,2.0456,0.152213232669,0.383828492279,0.463958275051,0.385302973278,100641.882812,158245.546875,153254.921875,170,256,256,2.84269714355,1.96553099155,2.71999645233,3.84256458282,1.0,1.0,1.0,751.644287109,349.670257568,420.693023682,707.89465332,309.675231934,75.8387756348,55.8680992126,100.107566833,1245.02075195,1030.14331055,796.307678223,1251.34069824,290.84765625,327.869384766,225.549713135,352.075164795
32,sub-213,ses-FU,T1w,2.19944000244,0.675889134407,0.307625025511,1.45402240753,0.422961792016,359.157440186,2.13087,2.14279,2.21291,2.04045,0.17707141489,0.377403288483,0.445525296627,0.429925568469,94169.640625,165981.5,168472.921875,256,256,170,3.71058392525,2.39552664757,3.64110159874,5.09512376785,1.0,1.0,1.0,960.910583496,427.870758057,548.429992676,904.720703125,344.798065186,92.3738021851,82.7515384674,142.890930176,1627.76757812,1290.98803711,1058.44934082,1635.78613281,402.08493042,432.539581299,297.085357666,459.703979492
33,sub-121,ses-BL,T1w,1.25869274139,0.396145522594,0.231866911054,1.63489866257,0.384373564147,35.4866409302,3.1182,3.0363,3.50057,2.8525,0.161203044111,0.408112524566,0.430684431323,0.513189878239,85944.875,138412.5,63087.8671875,256,182,256,2.63851046562,1.44885408878,2.41588950157,4.05078792572,0.880000054836,1.20000016689,0.879999995232,581.352905273,188.356063843,327.333221436,675.984069824,226.845993042,72.0146026611,49.1500701904,172.403106689,957.794189453,320.46496582,597.721191406,997.40222168,243.801803589,133.514694214,171.210494995,266.43951416
34,sub-117,ses-BL,T1w,0.982740938663,0.387530684471,0.16992020607,1.80224716663,0.420978443214,16.5402832031,3.13068,3.04293,3.59929,2.80161,0.157165669365,0.399079111825,0.44375521881,0.868323779933,92890.9453125,147400.78125,67659.953125,256,182,256,2.86074447632,1.51854205132,2.63072180748,4.43296909332,0.879999995232,1.20000004768,0.879999995232,597.261230469,185.035446167,331.902038574,694.905822754,214.042236328,69.6775894165,44.1292419434,172.827896118,1011.00799561,314.232208252,628.464416504,1051.99475098,254.725540161,137.138412476,176.729187012,273.834197998
35,sub-209,ses-FU,T1w,1.29682898521,0.402300715446,0.178257510066,0.905681073666,0.493137038463,214.930419922,2.24589,2.22085,2.36964,2.15261,0.173209950938,0.374496123255,0.452293925807,0.436308372479,90989.3984375,156510.640625,173878.890625,170,256,256,2.73507404327,1.82783436775,2.73585343361,3.64153432846,1.0,1.0,1.0,811.004455566,372.945922852,471.17980957,733.952087402,317.453704834,94.5606842041,74.567855072,105.367980957,1323.84960938,1040.16674805,898.326477051,1310.34094238,303.302520752,299.900054932,250.263687134,364.353912354
36,sub-132,ses-BL,T1w,1.158872962,0.430462539196,0.234710127115,1.87968087196,0.410949474832,49.1635017395,3.12342,2.99575,3.60299,2.82307,0.170102227834,0.41328263884,0.416615133326,0.719620919621,100483.0625,170961.828125,75508.234375,256,182,256,2.71209716797,1.38688981533,2.43486046791,4.31454133987,0.879999995232,1.20000004768,0.879999935627,478.691558838,146.454086304,264.922302246,573.722045898,171.769012451,57.209602356,40.3832435608,137.765930176,827.295654297,245.384307861,490.768615723,865.856018066,214.757827759,110.853797913,137.277923584,231.522109985
37,sub-128,ses-BL,T1w,1.32809460163,0.446139186621,0.246954098344,1.4088152647,0.416814644857,19.1495666504,3.03641,2.93793,3.49128,2.72932,0.162890555093,0.414184335012,0.422925109895,0.808908620363,95388.015625,149310.171875,68925.640625,256,182,256,2.26807332039,1.24400770664,2.0756983757,3.48451352119,0.879999935627,1.20000004768,0.880000054836,551.652099609,178.862121582,310.742797852,640.928894043,219.186172485,69.8795394897,43.4658508301,159.374526978,913.894897461,297.201599121,560.968017578,954.760131836,228.609359741,130.182922363,160.011291504,253.903533936
38,sub-128,ses-FU,T1w,2.45277833939,0.674431204796,0.30820915103,0.886371195316,0.466888324277,254.021255493,2.07362,2.05171,2.16015,2.01181,0.163657292789,0.403992132111,0.4323505751,0.530116038731,85053.65625,155829.140625,178869.234375,170,256,256,2.93794059753,2.0655310154,2.93095993996,3.81733107567,1.0,0.999999940395,1.0,760.729370117,374.572692871,447.00289917,649.063537598,325.446899414,76.2137451172,71.9535293579,71.0071105957,1236.69824219,1047.34729004,852.019470215,1207.11218262,284.562927246,330.703063965,237.057006836,343.274902344
39,sub-202,ses-FU,T1w,1.32499670982,0.439759790897,0.228079512715,1.30382335186,0.41574170701,341.401275635,2.14704,2.162,2.22132,2.06088,0.146157888252,0.396210477293,0.457631634455,0.378623112635,80006.859375,128667.203125,114258.375,170,256,256,3.14111876488,2.05739760399,3.03106784821,4.33489084244,1.0,1.0,1.0,885.426269531,387.643218994,511.470031738,858.374023438,350.869842529,83.3315811157,68.0149536133,143.384552002,1423.72192383,1207.80200195,917.659606934,1443.96435547,333.935455322,387.206481934,260.603668213,409.055541992
40,sub-304,ses-FU,T1w,1.54476487637,0.456643283367,0.224149256945,1.41895294189,0.407185704512,379.462219238,2.12367,2.08092,2.25512,2.04097,0.139290271194,0.397209445949,0.463500282857,0.369874658311,80125.03125,125893.195312,114644.710938,170,256,256,3.40537643433,2.37451148033,3.211332798,4.6302857399,1.0,1.0,1.0,640.582092285,298.634857178,360.77520752,614.354614258,276.643707275,57.8089904785,48.9374389648,96.1578422546,1025.48962402,911.01574707,653.451538086,1035.02905273,239.017532349,293.391296387,186.169082642,294.337585449
41,sub-103,ses-FU,T1w,1.65970027447,0.438831686974,0.220893964171,1.19749462605,0.444116421464,295.753417969,2.10945,2.08538,2.21231,2.0346,0.160162483454,0.370141857595,0.469695658951,0.364858245055,86248.0703125,149615.671875,148843.90625,170,256,256,3.20645523071,2.13120794296,3.14533185959,4.34282636642,0.999999940395,1.0,1.0,857.276428223,381.503082275,485.42098999,803.612854004,344.038085938,86.0095214844,69.3369064331,123.853927612,1382.76843262,1104.89147949,904.488891602,1389.38452148,317.843475342,328.419158936,256.234283447,388.43762207
42,sub-318,ses-FU,T1w,1.38515233994,0.41986605525,0.207199171185,1.23065006733,0.464092363821,233.384719849,2.11698,2.05169,2.23528,2.06873,0.14377184251,0.402853128018,0.453375029472,0.408133515456,90633.6171875,147031.609375,135545.125,170,256,256,2.88879776001,1.9988309145,2.71845579147,3.94910597801,1.0,1.0,0.999999940395,792.709350586,378.744476318,452.966125488,760.98236084,326.126495361,66.8559341431,62.7794799805,109.951568604,1292.85864258,1141.44274902,826.963623047,1304.50598145,307.924285889,384.482940674,232.420730591,374.72454834
43,sub-306,ses-BL,T1w,1.05351817608,0.394362986088,0.222600698471,1.68301856518,0.40609209186,57.9271240234,3.11468,3.02852,3.57075,2.79415,0.155570583416,0.393100432685,0.4513289839,0.506934540419,90822.3046875,145638.828125,68569.296875,256,182,256,2.66683125496,1.43442702293,2.4415242672,4.12454271317,0.879999935627,1.19999992847,0.879999995232,534.801086426,167.036987305,293.855743408,620.476196289,198.205718994,62.3322944641,42.4434776306,156.787689209,881.673706055,286.099609375,543.357055664,919.264465332,229.058166504,125.241943359,156.657394409,245.098876953
44,sub-319,ses-FU,T1w,1.84369874001,0.377333074808,0.185574382544,1.36290633678,0.433215738615,353.87689209,2.16026,2.12498,2.26491,2.09468,0.14484633486,0.383979721439,0.471173943701,0.304023126957,82866.7890625,148889.703125,141759.140625,170,256,256,3.49361419678,2.47473430634,3.32160115242,4.68450737,1.0,1.0,1.0,838.758911133,408.384796143,474.391906738,778.693786621,366.433959961,83.1618728638,74.5289306641,98.3789138794,1360.15307617,1155.19848633,875.715026855,1372.57458496,312.296783447,364.712005615,245.538787842,391.597442627
45,sub-109,ses-FU,T1w,3.30960464478,0.714433073997,0.348603546619,1.19289660454,0.437183209819,275.70199585,2.05291,1.99456,2.16243,2.00595,0.169582452913,0.396858842582,0.433558704505,0.531826919589,83037.3359375,152590.4375,149282.703125,170,256,256,3.09760069847,1.9925737381,3.05366587639,4.24656248093,1.0,1.0,1.0,831.29888916,364.365203857,485.452209473,767.152038574,317.158966064,82.4613342285,67.9628677368,104.738235474,1389.45837402,1057.1965332,913.719909668,1389.45837402,329.733734131,330.455871582,256.805633545,397.500305176
46,sub-305,ses-FU,T1w,1.44676840305,0.539837956429,0.278927922249,1.49654519558,0.391020219327,270.990631104,2.07133,2.04594,2.16372,2.00749,0.157237880482,0.394717817571,0.448044301946,0.600062218219,78059.046875,139859.421875,143317.875,256,256,170,4.06228113174,2.78601288795,3.95214247704,5.44868755341,0.999999940395,1.0,1.0,995.087097168,465.207702637,579.96697998,913.089538574,408.71572876,90.3477020264,97.5181350708,131.649841309,1599.01074219,1348.04492188,1066.6260376,1606.18115234,373.222839355,427.720123291,295.112121582,457.674682617
47,sub-119,ses-FU,T1w,1.08643054962,0.33685708046,0.151956945658,0.836615860462,0.464355724746,179.787338257,2.07731,2.07233,2.15738,2.00502,0.176280553121,0.348905433219,0.474814013661,0.435032139578,81892.2578125,146431.625,174872.09375,170,256,256,2.92247986794,2.10700774193,2.91190814972,3.74852395058,1.0,1.0,1.0,848.152404785,427.90536499,476.282073975,740.573852539,362.616851807,87.5282058716,81.5887832642,85.0276412964,1337.93115234,1131.61462402,914.356628418,1312.9230957,301.380462646,349.601898193,256.999725342,364.944549561
48,sub-123,ses-FU,T1w,2.65406227112,0.77473461628,0.323507517576,0.887249827385,0.509841218087,242.122238159,2.08536,1.99082,2.16903,2.10014,0.17421932654,0.427706157498,0.398074515962,0.648545115987,97654.2890625,192145.15625,209095.765625,170,256,256,3.08332514763,2.07291316986,3.14490628242,4.0321559906,0.999999940395,1.0,1.0,793.772277832,371.188751221,486.079925537,664.758056641,323.345550537,70.4893264771,79.1552200317,80.7074127197,1312.78295898,1021.77191162,937.702087402,1275.01611328,310.234100342,324.341369629,260.965545654,364.34286499
49,sub-218,ses-FU,T1w,1.55425107479,0.458074837923,0.227392345667,1.26596283913,0.43048836812,208.554168701,2.20561,2.16723,2.31243,2.14098,0.161730744621,0.364447949173,0.473821306206,0.364598903837,82757.2734375,135666.296875,119702.273438,170,256,256,2.9974668026,1.96775186062,2.879342556,4.14530563354,1.0,1.0,1.0,852.002197266,376.056060791,473.594116211,835.427856445,319.846160889,84.8571395874,63.9692268372,134.335891724,1416.46154785,1135.78027344,900.79119873,1436.04394531,339.357940674,355.257751465,255.392349243,399.8565979
50,sub-127,ses-FU,T1w,2.26433825493,0.681981682777,0.296623051167,0.862936317921,0.477896435879,259.456848145,1.97503,1.89518,2.03662,1.996,0.177467504173,0.437351183209,0.385181312618,0.576417011206,108611.8125,210996.28125,238190.8125,170,256,256,3.45637392998,2.41499686241,3.54559421539,4.40853023529,1.0,1.0,1.0,694.207641602,343.314147949,431.638458252,555.00213623,284.030761719,50.2344551086,70.9521102905,48.6196937561,1147.26147461,913.353210449,835.38458252,1086.0,272.310546875,301.197662354,231.269683838,309.489807129
51,sub-309,ses-FU,T1w,1.47478461266,0.440820425749,0.223497346044,1.30816805363,0.466896618541,309.742706299,2.20768,2.17602,2.3474,2.10648,0.132844812672,0.411206013938,0.455949173391,0.404720719932,88334.8515625,146539.53125,130588.492188,170,256,256,2.97536921501,2.03449678421,2.79172110558,4.09988927841,1.0,1.0,1.0,570.016357422,267.275421143,331.910614014,554.803222656,236.42124939,52.6348381042,49.4410743713,84.65574646,924.946289062,837.843200684,593.12701416,941.53729248,218.332794189,270.755828857,165.536331177,269.118774414
52,sub-311,ses-FU,T1w,1.49849534035,0.477672666311,0.236824586987,1.14090764523,0.461276749566,194.107833862,2.13648,2.09071,2.21759,2.1034,0.159847331342,0.373609923582,0.466542745075,0.747145251179,99445.359375,167615.03125,170101.140625,170,256,256,2.7828309536,1.85796773434,2.67480874062,3.81571650505,1.0,1.0,1.0,599.873840332,273.851928711,333.016693115,566.777282715,230.780227661,56.1565208435,47.0794103622,75.9012298584,994.919189453,830.808837891,630.799255371,1000.04766846,237.811019897,256.571868896,178.293548584,281.644836426
53,sub-309,ses-BL,T1w,1.37923800945,0.434000372887,0.229080796242,1.87082660198,0.412918923341,23.6670818329,3.09602,2.98501,3.55056,2.80006,0.188251401639,0.398670396979,0.413078201382,0.812465919059,105339.890625,177166.828125,73483.71875,256,182,256,2.74239659309,1.43023133278,2.46306633949,4.33389282227,0.879999995232,1.20000004768,0.880000054836,485.891448975,153.625991821,266.674957275,586.108764648,181.743515015,67.504737854,38.9451599121,142.27935791,830.827514648,256.388183594,492.978973389,869.772583008,212.837677002,87.3753204346,138.402633667,231.634933472
54,sub-206,ses-BL,T1w,1.5513625145,0.455715209246,0.262054413557,1.85212659836,0.413815300937,313.331787109,3.24148,3.12784,3.70635,2.93792,0.207844689706,0.382276294247,0.409879016048,0.501635143792,91800.984375,173360.71875,68699.828125,256,182,256,2.71141123772,1.38067138195,2.45071792603,4.30284452438,0.880000114441,1.20000004768,0.879999995232,529.650024414,170.660003662,290.671569824,648.450256348,193.828430176,74.7730560303,51.6628379822,170.979232788,920.685058594,279.560241699,544.210632324,965.414733887,237.213806152,90.9162216187,152.762161255,251.824630737
55,sub-104,ses-FU,T1w,1.8294454813,0.445130884647,0.236049890518,1.2537586689,0.399276330076,266.012145996,2.10963,2.08168,2.25666,1.99866,0.1754314518,0.363000514028,0.461568034172,0.396203976786,77811.96875,118688.140625,108112.992188,170,256,256,3.17074108124,2.09381508827,3.08232474327,4.33608341217,1.0,1.0,1.0,682.936340332,304.169403076,381.076141357,663.006469727,256.738220215,72.4329528809,46.7046203613,110.343063354,1108.890625,895.851928711,716.736419678,1119.81567383,268.254394531,297.157196045,207.117385864,312.045593262
56,sub-319,ses-BL,T1w,1.12873148918,0.434796392918,0.248722314835,1.77477002144,0.415633253408,20.0987586975,3.16432,3.0443,3.63979,2.85942,0.189291218708,0.419648377312,0.391060403979,0.856419172087,88803.78125,170914.109375,68473.1953125,256,182,256,2.7234852314,1.36210525036,2.51678991318,4.29156017303,0.880000054836,1.20000004768,0.879999995232,708.469848633,222.596221924,413.796417236,853.225158691,257.62802124,90.9275360107,70.3174209595,216.407745361,1232.57324219,373.812957764,782.987121582,1298.24316406,313.419616699,129.060745239,216.939620972,342.788269043
57,sub-122,ses-BL,T1w,1.68600928783,0.409235447645,0.237074539065,1.51764857769,0.43214160153,293.338348389,3.01248,2.94357,3.42582,2.71102,0.162671722616,0.414612262725,0.42271601466,0.386462059876,98334.953125,168814.328125,77685.8828125,256,182,256,2.38410568237,1.28866457939,2.17300200462,3.6906504631,0.880000054836,1.19999992847,0.879999995232,506.418060303,163.773925781,286.00592041,592.958984375,198.126327515,60.9238586426,44.3662567139,148.771835327,845.574829102,275.961669922,520.696887207,884.492492676,212.885528564,129.079833984,145.736022949,232.599655151
58,sub-202,ses-BL,T1w,1.51955890656,0.407467991114,0.232106983662,1.50605094433,0.392242369074,22.9522094727,2.96627,2.91685,3.32524,2.6909,0.183665899533,0.39960072671,0.416733373757,0.803684483653,90795.21875,145345.0625,65306.3867188,256,182,256,2.46843123436,1.37275385857,2.26324439049,3.76929545403,0.879999995232,1.20000004768,0.880000054836,459.676269531,155.718856812,256.956207275,535.307556152,186.732803345,64.8604812622,36.5880508423,131.734283447,770.272827148,259.675292969,469.749694824,802.367492676,188.029373169,89.9930877686,133.019683838,213.46812439
59,sub-125,ses-BL,T1w,1.22843575478,0.49144423008,0.269881635904,1.80214107037,0.357996871622,25.1127033234,3.11428,3.01566,3.55837,2.81474,0.189362090397,0.421231558228,0.389406351375,0.789308263566,69364.359375,122676.007812,49590.7695312,256,182,256,2.58320808411,1.28018510342,2.33364915848,4.13578987122,0.879999995232,1.20000004768,0.880000054836,470.080657959,144.799957275,263.611694336,572.280578613,174.334594727,60.351474762,36.388381958,140.101760864,814.618041992,240.898712158,484.967163086,852.654663086,208.261672974,72.8416519165,137.044555664,230.199234009
60,sub-314,ses-FU,T1w,1.53667724133,0.456461340189,0.207390472293,0.984768986702,0.470889982274,295.882354736,2.01809,2.01556,2.09908,1.94266,0.152090055064,0.394841295582,0.453068649354,0.708821761347,77077.140625,147875.171875,156130.796875,170,256,256,2.8360273838,1.93466722965,2.79432296753,3.77909207344,1.0,1.0,1.0,718.493286133,336.919616699,421.054901123,643.542236328,285.003173828,58.4256477356,65.6055374146,78.2666091919,1167.41687012,981.068603516,783.758728027,1161.93603516,272.50213623,325.35534668,217.926193237,330.363342285
61,sub-218,ses-BL,T1w,1.29659116268,0.410446673632,0.244506582618,1.68604445457,0.388025850791,29.0892677307,3.06066,2.98626,3.49854,2.7443,0.182093209591,0.402680830733,0.415225959676,0.78123835338,87474.9765625,153710.828125,65567.546875,256,182,256,2.61616134644,1.375207901,2.39361596107,4.07966041565,0.879999995232,1.20000004768,0.879999995232,554.532165527,176.551895142,308.519470215,658.706237793,212.55645752,72.9548721313,46.2482872009,169.359634399,929.077392578,294.836364746,565.674438477,970.217346191,232.643569946,96.9404449463,160.347503662,255.141281128
62,sub-122,ses-FU,T1w,1.36980760098,0.404747784138,0.184839993715,1.13964152336,0.4626770017,457.653869629,2.11455,2.0978,2.21977,2.03039,0.146861140673,0.389121514442,0.464017344886,0.353315074156,89090.671875,160663.453125,164378.28125,170,256,256,3.11403870583,2.19780731201,3.00233387947,4.14197540283,1.0,1.0,1.0,896.720031738,441.256744385,516.063537598,821.782653809,368.903289795,76.4256210327,80.8803100586,114.151847839,1447.77148438,1308.56176758,953.58026123,1433.85058594,339.087799072,435.46786499,267.606872559,407.734741211
63,sub-308,ses-BL,T1w,1.57553732395,0.411594420671,0.235673740506,1.7184548378,0.432334954207,30.7839069366,3.08665,2.97149,3.58931,2.75727,0.163000890389,0.415932560824,0.421066548787,0.756347534193,98542.6953125,177983.9375,73910.453125,256,182,256,2.46090316772,1.22777104378,2.21824193001,3.93669676781,0.880000054836,1.20000004768,0.879999935627,723.591186523,211.593933105,400.325134277,869.288757324,263.352416992,79.0057296753,57.4312400818,216.354537964,1225.60168457,369.706054688,729.283630371,1281.31091309,315.301086426,130.71484375,204.148712158,340.928894043
64,sub-304,ses-BL,T1w,1.31755280495,0.454933702946,0.254550069571,2.14133548737,0.371116740981,25.010679245,3.29088,3.13173,3.80911,2.98764,0.1857905434,0.410366238102,0.403843218497,0.795955942791,83010.7734375,153741.90625,56710.1367188,256,182,256,3.04040074348,1.49656879902,2.74164915085,4.88298463821,0.879999876022,1.20000004768,0.879999995232,749.678771973,225.214660645,414.04296875,922.042541504,268.668365479,99.5067977905,64.7790679932,242.761911011,1303.5390625,368.175140381,776.153015137,1368.21850586,336.829589844,135.674407959,219.562728882,353.931091309
65,sub-303,ses-BL,T1w,1.00070846081,0.396203011274,0.232863232493,1.74593317509,0.373947478313,23.4902420044,3.06854,2.95454,3.53165,2.76904,0.172343840707,0.414923065006,0.412733094287,0.800879370106,81380.984375,133977.375,57447.9453125,256,182,256,2.65539550781,1.37016701698,2.4250433445,4.17097663879,0.879999935627,1.20000016689,0.879999935627,658.21661377,205.083297729,369.65322876,784.467468262,242.21206665,78.5101318359,51.1152381897,200.451609039,1106.65856934,346.613830566,668.171264648,1156.77148438,279.905456543,134.27571106,189.345397949,304.459503174
66,sub-117,ses-FU,T1w,1.7823830843,0.376312166452,0.161187022924,0.888276994228,0.47457205866,190.187957764,2.06399,2.0353,2.21965,1.94629,0.171980188072,0.364366825801,0.463652986127,0.419102196753,85240.8984375,148779.578125,179672.1875,170,256,256,2.93255209923,2.11250042915,2.89843916893,3.78671598434,1.0,1.0,1.0,890.247375488,455.459655762,504.971496582,778.63494873,364.469848633,87.3325805664,83.4075241089,91.3355144501,1436.85229492,1244.96170044,974.25592041,1408.81616211,334.312683105,405.342285156,272.51260376,393.230743408
67,sub-121,ses-FU,T1w,1.673579216,0.410064578056,0.202828109264,1.38431024551,0.447546748895,377.511047363,2.05995,2.07519,2.15991,1.95019,0.163618085274,0.36818407374,0.468197840986,0.715467039366,94058.125,151242.34375,139741.984375,170,256,256,3.50673556328,2.39507842064,3.37040901184,4.75471925735,1.0,1.0,1.0,685.484069824,317.393188477,384.886871338,658.068664551,270.605133057,61.2840995789,49.6640014648,103.466842651,1114.25646973,912.628479004,721.613708496,1124.8684082,263.852264404,301.159362793,204.693893433,314.203704834
68,sub-306,ses-FU,T1w,2.14737129211,0.429016232491,0.189306631684,1.13188123703,0.452624894221,248.169433594,2.14348,2.13416,2.23526,2.06446,0.172383247786,0.351719659109,0.475897093105,0.446711615803,88067.71875,142255.015625,151524.453125,170,256,256,3.17728066444,2.25224137306,3.07385993004,4.20574092865,1.0,1.0,1.0,832.973388672,410.447296143,460.066986084,770.757141113,342.229309082,88.1072692871,68.2445449829,98.5758590698,1348.78613281,1167.60510254,879.059631348,1342.07568359,311.752471924,357.698974609,248.566955566,375.331634521
69,sub-108,ses-BL,T1w,1.5231897831,0.508602917194,0.274768769741,1.54212856293,0.421700244617,150.205429077,2.97056,2.87485,3.35538,2.71744,0.19488808271,0.419539025556,0.385572891734,0.523943347119,100893.492188,173938.078125,77621.140625,256,182,256,2.33488416672,1.20060384274,2.13095998764,3.67308855057,0.879999935627,1.20000004768,0.879999995232,636.764404297,205.919647217,365.87588501,759.680786133,238.285797119,79.2300415039,56.0370407104,181.097427368,1108.02893066,349.485839844,671.171691895,1171.57189941,283.306213379,126.34601593,188.769882202,322.946929932
70,sub-119,ses-BL,T1w,1.02130579948,0.353397607803,0.195989921689,1.60064351559,0.400278149361,47.870513916,2.95718,2.87697,3.36468,2.6715,0.155241354261,0.388603522384,0.456155123355,0.502696249396,92602.40625,143687.78125,70642.9453125,256,182,256,2.65366959572,1.48984074593,2.43526244164,4.03590583801,0.879999995232,1.19999992847,0.879999995232,506.023773193,165.752365112,275.879821777,578.086730957,197.022354126,60.3778190613,37.624912262,146.940689087,826.22277832,289.177978516,502.089233398,854.822814941,203.215759277,121.000900269,142.319137573,224.371627808
71,sub-311,ses-BL,T1w,1.70484769344,0.383932948112,0.203012421727,1.71398329735,0.417024066874,18.5838336945,3.2402,3.13138,3.6971,2.93846,0.182469015809,0.383474753184,0.434056231007,0.816143203246,96176.1015625,179642.515625,74396.59375,256,182,256,2.54124712944,1.28394496441,2.31290650368,4.02688980103,0.880000054836,1.20000004768,0.879999995232,504.984863281,155.127090454,276.292907715,607.493041992,182.91506958,63.8409576416,44.9757003784,160.283920288,860.776794434,261.819610596,512.879516602,903.815673828,220.451187134,86.446975708,144.167175293,231.414611816
72,sub-124,ses-FU,T1w,2.56152796745,0.601992487907,0.284706145525,1.15688800812,0.451664274159,298.020233154,2.05315,2.01939,2.0986,2.04226,0.164001989598,0.396023669342,0.43997434106,0.534053213038,88267.3515625,161394.375,171489.78125,170,256,256,3.31677055359,2.24820518494,3.27260899544,4.42949724197,1.0,1.0,1.0,784.168762207,361.924835205,458.110107422,706.323791504,326.69744873,73.9691848755,72.921333313,102.694328308,1288.29748535,986.256408691,856.810241699,1282.13330078,295.064758301,307.651824951,239.688858032,360.529602051
73,sub-213,ses-BL,T1w,1.24631941319,0.485743403435,0.248734503984,1.90790355206,0.418616250333,75.2404785156,3.1313,3.03959,3.57252,2.82738,0.189496768519,0.397509714397,0.412993517084,0.486120907476,105707.226562,179351.78125,81079.453125,256,182,256,2.83939743042,1.46200048923,2.57414388657,4.48204755783,0.879999995232,1.19999992847,0.879999995232,711.403930664,223.188964844,387.824829102,846.023254395,259.079498291,96.5209121704,55.5644378662,206.381866455,1240.27429199,374.838439941,733.139892578,1306.42224121,316.135253906,118.659416199,207.082275391,352.008636475
74,sub-316,ses-BL,T1w,1.28125846386,0.386206269264,0.213585719466,1.35670948029,0.440947009462,30.7863178253,2.93686,2.85662,3.35657,2.64181,0.190440665815,0.359146365645,0.45041296854,0.50100651798,104558.273438,160727.125,73571.953125,256,182,256,2.2640812397,1.26139068604,2.0870718956,3.44378137589,0.879999995232,1.20000004768,0.879999995232,465.228607178,155.838943481,246.2290802,537.717224121,176.706848145,69.2132888794,32.5513801575,138.451538086,759.529418945,260.410095215,455.717651367,790.530639648,189.503936768,94.4522323608,130.649398804,205.145568848
75,sub-314,ses-BL,T1w,1.29902505875,0.481747090816,0.261233836412,1.33446109295,0.424929244733,48.4833259583,3.19919,3.10802,3.67761,2.86463,0.173354482308,0.402754989356,0.423890528336,0.478899704723,92528.4609375,146156.21875,71243.234375,256,182,256,2.22764015198,1.24161100388,2.05342411995,3.38788509369,0.879999995232,1.20000004768,0.879999995232,462.654266357,154.98588562,263.226287842,535.603759766,184.160995483,60.7731437683,40.8223571777,134.713912964,776.545532227,263.964111328,484.957305908,816.44708252,196.835571289,105.924942017,138.377380371,217.014068604
76,sub-211,ses-FU,T1w,1.33461022377,0.390415221453,0.175795838237,0.963057100773,0.485355107202,185.558059692,2.144,2.15399,2.22467,2.05667,0.183869182409,0.344337863026,0.471792954565,0.704232827635,102038.375,182283.140625,207870.46875,170,256,256,3.03929901123,2.09388375282,3.03047800064,3.99353504181,1.0,1.0,1.0,820.481506348,387.82119751,460.414428711,743.530151367,323.316223145,86.7015457153,78.1900100708,103.791625977,1339.45300293,1055.72644043,897.367492676,1319.65808105,310.006896973,319.309875488,251.737670898,363.55569458
77,sub-303,ses-FU,T1w,1.3721473217,0.393625706434,0.186021834612,1.05970573425,0.426049277832,139.812576294,2.20075,2.1859,2.32072,2.10117,0.168848666864,0.37292945548,0.458221877656,0.524019135275,72096.40625,122043.257812,130867.8125,170,256,256,2.88273882866,1.924721241,2.83189463615,3.89160037041,1.0,1.0,1.0,794.182617188,363.495605469,454.395446777,731.062744141,306.825408936,89.8384780884,69.5266265869,93.8888931274,1288.66662598,1006.3873291,852.974609375,1294.80322266,297.555755615,298.044952393,238.822814941,364.721221924
78,sub-211,ses-BL,T1w,0.982466638088,0.377654671669,0.209733068943,1.74521827698,0.427542369197,60.4319610596,3.07809,3.02003,3.48304,2.77253,0.15513180154,0.400892001031,0.443976197429,0.730316592077,110598.515625,178393.796875,83645.6953125,256,182,256,2.70647525787,1.45556938648,2.45931887627,4.20453739166,0.879999995232,1.20000004768,0.879999935627,716.374328613,222.790145874,393.017913818,835.561401367,273.516021729,85.2544326782,56.1483764648,211.330001831,1207.59912109,381.890319824,722.495178223,1264.36657715,301.438110352,149.314163208,203.309371948,328.360168457
79,sub-101,ses-FU,T1w,1.48380947113,0.496379256248,0.248977646232,1.0390137434,0.462754498979,286.955078125,2.1609,2.1908,2.23341,2.06222,0.183040927461,0.355604671549,0.46135440099,0.443651680564,79904.703125,139008.359375,140706.3125,170,256,256,2.85971045494,1.86102867126,2.83954429626,3.87855815887,1.0,1.0,1.0,913.746582031,402.740264893,522.096862793,864.007629395,327.860565186,96.0707778931,76.8567810059,136.634170532,1486.80957031,1174.19750977,991.206359863,1486.80957031,350.846191406,350.740386963,279.755279541,410.78338623
80,sub-124,ses-BL,T1w,1.10995697975,0.481889426708,0.248320519924,1.77855956554,0.419615430052,128.332717896,3.07875,3.01572,3.52453,2.74557,0.18664181037,0.401364918717,0.411993270913,0.449785119205,100123.070312,167662.671875,76910.234375,256,182,256,2.70704269409,1.43267786503,2.45494556427,4.23350524902,0.879999995232,1.20000004768,0.879999995232,701.624206543,225.664550781,388.963989258,828.940063477,264.899383545,95.1475524902,57.8995628357,195.971740723,1210.96862793,377.075958252,719.012634277,1270.43579102,304.416778564,119.772216797,202.993865967,342.952606201
81,sub-101,ses-BL,T1w,0.843838095665,0.368052452803,0.21623827517,1.77212798595,0.39213703334,25.3014888763,3.08415,3.07489,3.45369,2.76244,0.195145299893,0.369559781473,0.435294918634,0.603719147812,85653.03125,149868.015625,61012.6992188,256,182,256,2.76360630989,1.42363393307,2.54752850533,4.31965637207,0.880000054836,1.20000016689,0.880000054836,744.429504395,234.868972778,401.236724854,890.087341309,266.001464844,99.0492782593,56.7310180664,240.75567627,1242.95227051,386.911193848,744.804077148,1296.15246582,315.929840088,121.320144653,213.302200317,331.330230713
82,sub-222,ses-BL,T1w,0.958349943161,0.336895555258,0.1766076684,1.94062709808,0.404686458506,27.9654483795,3.07708,2.99631,3.51117,2.76935,0.168401062543,0.393632272459,0.437966664997,0.83116653761,90762.2109375,150143.96875,67309.0546875,256,182,256,3.17181110382,1.71928226948,2.92776203156,4.86838912964,0.879999995232,1.19999992847,0.879999935627,542.183898926,175.341217041,303.128631592,632.949584961,204.250671387,68.0835571289,45.6539421082,163.400680542,907.780761719,295.028747559,567.362976074,945.604980469,227.077682495,121.493377686,159.942886353,244.21270752
83,sub-116,ses-BL,T1w,1.3976534605,0.406205773354,0.216906636953,1.66756749153,0.384123986136,78.2677459717,3.07438,2.98914,3.5122,2.76787,0.143081187792,0.414201043166,0.442717769042,0.406788200199,91468.3984375,137465.3125,74619.640625,256,182,256,2.75447249413,1.57116687298,2.51234126091,4.17990875244,0.879999995232,1.20000004768,0.879999995232,809.603149414,265.008148193,452.919616699,914.207641602,319.91494751,97.0727081299,61.8343048096,217.542373657,1327.4083252,463.160430908,829.868463135,1389.48132324,334.827667236,195.512420654,233.693572998,378.544006348
